Sequence,Class
VYSRHP,-
DVAGHGQDILIRLFKS,+
VHPQKLVFFAEDVGS,+
DLSFSKDWSF,+
GLSAPVD,-
VTLDTKGTY,-
STVSIE,-
KTVIVE,-
STVLIE,+
SIVIIE,+
RYPNQVYYRP,-
DIEVDL,-
DAAKYSEV,-
STVIFE,+
NGKSNF,-
APGET,-
STVPIE,-
SLYQLE,-
AVGKSNLLSRYARNEFSA,-
LKNVKSKIGSTE,-
VTIKANLIFANGFTQTAEFKG,+
YVSGFH,-
STVIIN,+
SPVIIE,-
VRDPQGIRAW,-
IQVYSR,-
YQLENY,-
AKKENIIAAAQAGASGY,+
NLKHQPGGGKVQIVYKEVD,+
STVVIE,-
KRNNFKSAEDS,-
ELLNAPGETY,-
PTVIIE,-
EKDEYA,-
SDVIIE,+
KKLVFFPED,+
TKFSSFALLAQKEMLKME,-
GFFYTP,-
PGGGKN8EVYKPV,-
EVDLLK,-
VTSKCGSLGNIHHKPGGG,-
VHHQKLVPFAEDVGS,-
STVIIF,+
GDGKWMRDFEQRMNGYGSV,-
CAKRVVRDPQ,-
TTTKGENFTE,-
STEIIE,+
SGFHPS,-
VPHQKLVFFAEDVGS,+
GTVIIE,+
GDAATAEKVFKQYANDNGVD,-
STVQIE,-
SEDLKKHGVTVLTALGAILK,-
ETVIIE,+
DVRQYVQGCG,-
STVWIE,+
STVIIY,+
PSKARIIRY,-
STLIIE,+
RSTDYGIFQI,-
MTVIIE,+
VKWDRD,-
DLLKNGERIE,-
KDWSFYLLYY,+
ISKLEYSNFSVRY,+
VHHQEKLVFFAEDVPS,+
VAWRNRCQNR,-
EDGVDALNKLQAGGY,-
MPEEELLNAPGETYVVTL,+
AKNVDYCKEWLVNHIK,-
STVIIT,+
ARTVESRQAQDLARSYGIP,-
STSIIE,+
DFSTMRRIVRNLLKELGYN,-
ETLKMSMFLEAQFKKSAL,+
STVIIL,+
TRATNYNAGD,-
NAKAGLSQT,-
YYTEFT,-
NGERIE,-
PKIQVY,-
TVNGVGEVTATAVQGVAV,+
RENMHRYPNQ,-
KGTFEKATSEAYAYADTLKKDNGEY,+
PFTAATLEEKLNKIFEKLGMY,+
QGVSFRMYTEDEARKI,-
GGKDWWKVGG,-
GGYMLGSAMS,-
SAFMEKMLLLEKQFKAST,+
SAPNLATLVKVTTNHFTHEEAMMD,+
CLAKWESGYN,-
HLVEAL,-
YEAGKEKYVKELPEHLKPFETLLSQ,-
STVIID,+
SEFSV,-
SGVIIE,+
TEFTPT,-
ELLAKSEQAKSMLFTFMK,-
KLVFF,-
KLELKAASQMEFSFTMKL,+
STVIYE,+
LYQLEN,+
QTAPVPMPDLKNVKSKIGS67ENLKHQPGGGKVQIVY,-
SSPPVILLIS,+
EQVTNVGGAVVTG,+
IPAGVDAVKISM,+
IQRTPKIQVYSRHPAE,-
SSVIIE,+
LSQPKI,-
VHHQEKLVFFAEPVGS,+
GWEIPEPYVWDESFRVFY,-
GETYVVTL,+
STVDIE,-
GIRAWVAWRN,-
DSGYEVHHQKLVFFAEDVGSNKG,+
LAIEATPA,-
STAQSLKSVDYEVFGRV,-
QPKIVK,-
KDRVQSKIGSLDNITHVPGGGN,
VTLSQP,-
EYSAMRDQYMRTGEG,-
SMVIIE,+
KTVIYE,-
YQRGSSMVLF,-
YACRVNHVTL,-
LLYYTE,+
GEYTVDVADKGYTLNIKFAGD,+
YTSPHQGAGMV,-
KPSKPKTNMK,-
KPVDLSKVTSKCGSLGNIHHKPGGGQVEVKSEKLDF,
KTVIIT,-
FHPSDI,-
FAKFASEKKLESMTLMLQ,-
VVGGLGGYML,-
MATLEALMKAFESLKSFQ,-
HQKLVFFAE,-
MQTLSERLKKRRIALKY,-
GYEVHHQKLVFFAEDVGSN,+
HMAGAAAAGA,-
NGKSNFLNCYVSG,-
RTPKIQVYSR,-
KGKKGEIKNVAD,-
NGERIEKVEHSDLSFSKD,-
MPEEELL,-
NHVTLSQPKI,-
STAIIE,-
ASMFEAQLSKEKKMFTLL,-
STVIME,-
STDIIE,-
AYVKKLDSGTGKELVLAL,-
TTVIIE,+
KKLVFFAED,+
KTVIIE,-
FTPTEK,-
ERIEKV,-
KVEHSD,-
SLVFVPSEFS,-
GSPSSRIDRTNFSNEKT,-
KLDFKDRVQSKIGSLDNITHVPGGGN,-
STVFIE,+
SDIEVDLLKN,-
EVVPHKKMHKDFLEKIGGL,+
DAVKIS,-
NLGPVL,-
NTVIIE,+
VPSNEEQIKKLLELEAKKHLQY,-
KELKQELFFKASATLMMS,+
STVIVE,-
STNIIE,+
STTIIE,-
STVIIM,+
STPIIE,-
EDRYYRENMH,-
PGGG5VQIVYKPV,+
AENGKS,-
VHHQEKLVFFAEDPGS,+
MVGKVTVN,-
SMVLFSSPPV,+
YEQLDEEHKKIFKGIFDCIRD,+
VTVIIE,+
QISFADYNLLDLLRIHQVLN,+
YEQLDEEHKKIFKGIFDCIRD,-
GERGFF,-
KSHPET,-
LSQTFVYGGSRAKRNN,+
PTGKDEYACRVNHVT,-
CNDGKTPGAV,-
VHHQEKLVFFAPDVGS,-
VGGAVVTGV,+
KNNAGFPHNV,-
ITVIIE,+
HDSGYEVHHQKLVFFAEDVGSNKGA,+
VYYRPMDEYS,-
RGFFYT,-
TEFTPTEKDE,+
FVNQHL,-
FLVHSS,+
STNVKTAFEMVILDIYNNV,+
MATLEKLMKAFESLKSFQ,-
LEVLLGSGDGSLVFV,+
DILTLLNSTNKDWWKVEVNDRQGFVPA,-
YTVIIE,+
HPETLEKFDRFKHLK,-
PHNVVFDEDDEIP,-
MDEYSNQNNF,-
EPSEQFIKQHDFSSY,-
SLVIIE,+
SEVIIE,+
KWDRDM,-
DLLKNG,-
EGEWQLVLHVWAKVEADVAGHGQDILIRLFK,+
AKNVDYCKEWLVNHIK,-
TDVKMMERVV,-
VNGMELSKQILQENPH,-
DWWKVEVNDRQGFVPA,+
RPDFSLEPPYTGPSK,-
STGIIE,-
EALYLV,-
TMMKFQLLKSAEEKLFAS,-
DQKEAALVDMVNDGVEDLRCKYATLIYT,-
KIVKWD,+
LANWMCLAKW,+
FGSDYEDRYY,-
STVIGE,-
SGYEVHHQKLVFFAEDVGSNK,+
RFRAVTSAYYRGAVG,-
YRGISLANWM,-
SFVIIE,+
VHHQPLVFFAEDVGS,+
STVIPE,-
FYLLYY,+
NAPGETY,-
NQNNFVHDCV,-
TKRPRFLYEIAMALNSD,+
GVGKSALTIQLIQNHFVY,+
SNVIIE,+
VPSNEEQIKNLLQLEAQEHLQY,-
STQIIE,+
EQVTNVGGAVVTGVTAVA,+
DWSFYLLYYTEFTPTGKDEYA,+
MKVIFLKDVKG,+
TYKLINGKTLKGETTTEA,-
LGMDGYRGIS,-
DILTLLNSTNKDWWKVEVND,+
KLAFMLKQAELSSEKTFM,-
STVISE,-
KTNMKHMAGA,-
STVIWE,-
FTVIIE,+
DAEFRHDSGYEVHHQKLVFFAEDVGSNKGAIIGLMVGGVV,+
KIVFKNNA,-
EHSDLS,-
SVVIIE,+
DTVIIE,+
VLSEGEWQLVLHVWAKVEA,+
TEKDEYACRV,-
DHPAVMEGTKTILETDSNLS,-
KDWSFY,+
PLLSAYVARLSA,-
IQRTPK,-
HPAENGKSNF,-
MFSKMAKSLFLLAEKTQE,-
ESGYNTRATN,-
YKMTQTELATKAGVK,-
STVITE,-
EIPAGV,-
GQVEVSKE,-
SWVIIE,-
SDLSFS,-
STVIIS,+
KKLPFFAED,-
GSHLVE,-
STVINE,-
STVIIV,+
GIFQINSRYW,-
KKGHHEAE,-
YKQQSIQLIEAGVTKR,-
ERGFFY,-
RTPKIQ,-
STMIIE,-
TYSFYC,-
EVEDYFEEAIRAGLH,-
AVSVEEGKALAEEEGLF,-
SGFHPSDIEV,-
STVIIP,-
ATKHKIP,-
TPGAVNACHL,-
NSRYWCNDGK,-
ESQAYYQRGS,-
VTNVGGAVVTGVTAVA,+
MDGLELLKTIRADSAY,-
EESEFEPFIEEISTKISY,-
HHQKLVFFAED,+
LSQPKIVKWDRDM,-
STIIIE,-
LSKVTSKCGSLGNIHHKPGGGQVE,-
TESKEKITQYIYHVLNGEIL,+
GTGNTEKMAELIAKGIIESGKDY,-
LVEALY,+
LIAGFN,-
FYTPKT,-
KKLVFPAED,-
QTVIIE,+
PEDKVNSMKSWLSKV,-
VHHPKLVFFAEDVGS,+
RQGVEDAFYTLVREIRQHK,+
SYVIIE,+
VHHQKLVFFAEDV,+
KKPVFFAED,-
LSFSKD,-
PGGGKV3KPV,-
GERIEKVEHS,-
RVNHVT,-
GTYSFYT,+
TEAEMKA,-
FSKDWS,-
STVEIE,+
STVYIE,+
ENFTETDVKM,-
LKNGER,-
QVYSRHPAEN,-
QTAPVPMPD,-
RTLKRLGMDG,-
FVNVQAVKVFLESQGIAY,+
RCQNRDVRQY,-
STVTIE,+
TQYERESQAY,-
PG33GKVQIVEKPV,-
FHPSDIEVDLLK,-
GVVGWVKNTSKGTVTGQVQG,+
ASSQKKMKEMLAFFTLEL,+
KKLVPFAED,-
AMALNCDPVWLQYGTKRGKA,-
MLTFAEFKSMELKSQLAK,-
ILLISFLIFL,+
VDLSKVTSK,-
SHLVEA,-
EQMCITQYER,-
DWSFYLLYYTEFT,+
YDYQEKSPREVTMKKGD,-
HPAENG,-
RCELARTLKR,+
NFGAIL,+
STVNIE,+
GKVQIVYK,+
KSNFLN,-
STVMIE,-
QTAPVPMPDLKNVKSKIGSTE,
QGGGTHSQWN,-
