Sequence,Class
SDIEVDLLKN,-
MVGKVTVN,-
YLLYYTEFTP,+
TESKEKITQYIYHVLNGEIL,+
QTAPVPMPDLKNVKSKIGSTE,
CLAKWESGYN,-
SAPNLATLVKVTTNHFTHEEAMMD,+
VGGAVVTGV,+
SSPPVILLIS,+
TRATNYNAGD,-
LKNVKSKIGSTE,-
HSQWNKPSKP,-
VRDPQGIRAW,-
PGGGKN8EVYKPV,-
IEKVEH,-
STVIIT,+
KPSKPKTNMK,-
STDIIE,-
EHSDLS,-
RCELARTLKR,+
LQDNIADAVA,-
KKLVPFAED,-
VHHQKLVFFAEDV,+
LSKVTSKCGSLGNIHHKPGGGQVE,-
STVIID,+
DILTLLNSTNKDWWKVEVNDRQGFVPA,+
ADAVACAKRV,-
NTVIIE,+
APGET,-
TKRPRFLYEIAMALNSD,+
STVYIE,+
WSFYLL,-
QGGGTHSQWN,-
STVSIE,-
EPDEAEQDSIEFGKKIANIY,-
LKNGER,-
DAVKIS,-
YEVHHQKLVFFAEDVGS,+
KTVLIE,-
TEAEMKA,-
ERGFFY,-
STVIIL,+
NLGPVL,-
GERIEKVEHS,-
ENFTETDVKM,-
STVIME,-
EVHHQKLVFFAEDVG,+
ISKLEYSNFSVRY,+
EVVPHKKMHKDFLEKIGGL,+
SSVIIE,+
QTVIIE,+
SEFSV,-
PGGG5VQIVYKPV,+
RSTDYGIFQI,-
TPANLKALEAQKQKEQR,-
RTPKIQ,-
SVVIIE,+
IQVYSR,-
DWSFYLLYYTEFT,+
STVINE,-
SGVIIE,+
TMMKFQLLKSAEEKLFAS,-
AKNVDYCKEWLVNHIK,-
VAWRNRCQNR,-
GSPSSRIDRTNFSNEKT,-
EIPAGV,-
STVIPE,-
NGERIE,-
LIAGFN,-
KTVIYE,-
MATLEALMKAFESLKSFQ,-
SEDLKKHGVTVLTALGAILK,-
SGYEVHHQKLVFFAEDVGSNK,+
QTAPVPMPDLKNVKSKIGS67ENLKHQPGGGKVQIVY,-
FAKFASEKKLESMTLMLQ,-
GEWTYDDATKTFTVTE,+
TTVIIE,+
FHPSDI,-
VTNVGGAVVTGVTAVA,+
LSQTFVYGGSRAKRNN,+
PG33GKVQIVEKPV,-
GVVGWVKNTSKGTVTGQVQG,+
ASSQKKMKEMLAFFTLEL,+
ILLISFLIFL,+
NAPGETY,-
DILTLLNSTNKDWWKVEVNDRQGFVPA,-
NACHLSCSAL,-
STVIIW,+
KTNMKHMAGA,-
LYQLEN,+
MQTLSERLKKRRIALKY,-
STEIIE,+
VEALYL,+
KGTFEKATSEAYAYADTLKKDNGEY,+
SEVIIE,+
WTVIIE,+
VHHQEKLVFFAPDVGS,-
QTAPVPMPD,-
HPAENGKSNF,-
ITVIIE,+
GDGKWMRDFEQRMNGYGSV,-
MLTFAEFKSMELKSQLAK,-
VQIVYK,+
HDSGYEVHHQKLVFFAEDVGSNKGA,+
SAVIIE,+
GTYSFYT,+
SYVIIE,+
AMALNCDPVWLQYGTKRGKA,-
SLVFVPSEFS,-
FVNQHL,-
KKLVFPAED,-
ELLAKSEQAKSMLFTFMK,-
KSNFLN,-
VQIVYK,+
GTVIIE,+
TYKLINGKTLKGETTTEA,-
PTVIIE,-
NHVTLSQPKI,-
LVEALY,+
STQIIE,+
KIVFKNNA,-
VHHQKLVPFAEDVGS,-
VDLSKVTSK,-
RTLKRLGMDG,-
FHPSDIEVDLLK,-
MKVIFLKDVKG,+
NGKSNF,-
TKFSSFALLAQKEMLKME,-
GSAMSRPIIH,-
MTVIIE,+
SLVIIE,+
SDLSFS,-
FTVIIE,+
PKIKAFLA,-
YEQLDEEHKKIFKGIFDCIRD,-
KSHPET,-
PKIQVY,-
SNVIIE,+
STVISE,-
DIEVDL,-
STVIIY,+
GKVQIVYK,+
PSKARIIRY,-
ESQAYYQRGS,-
GDAATAEKVFKQYANDNGVD,-
STLIIE,+
QKLVFFA,-
RGFFYT,-
ATKHKIP,-
STVTIE,+
NGKSNFLNCYVSG,-
SMVLFSSPPV,+
PSDIEV,-
TEFTPT,-
PLLSAYVARLSA,-
STVIYE,+
AYVKKLDSGTGKELVLAL,-
NSRYWCNDGK,-
SGFHPSDIEV,-
KIVKWD,+
KLAFMLKQAELSSEKTFM,-
STVVIE,-
STVGIE,-
YVSGFH,-
SAFMEKMLLLEKQFKAST,+
MPEEELL,-
GVGKSALTIQLIQNHFVY,+
STVIQE,-
ARIIRYFYNAKAG,-
STVNIE,+
STIIIE,-
VHHQEKLVFFAEPVGS,+
YEAGKEKYVKELPEHLKPFETLLSQ,-
STVIFE,+
STVMIE,-
KDWSFYLLYY,+
SLYQLE,-
NLKHQPGGGKVQIVYKPVDLSKVTSKCGSLGNIHHKPGGGQVE,
QGVSFRMYTEDEARKI,-
VKSE,-
VKSEKLDFKDRVQSKIGSLDNITHVPGGGN,-
STVFIE,+
DQKEAALVDMVNDGVEDLRCKYATLIYT,-
STVWIE,+
KKLVFFAED,+
MDGLELLKTIRADSAY,-
KKLVFFPED,+
KTVIIE,-
STSIIE,+
YACRVNHVTL,-
KLVFF,-
SHLVEA,-
STVEIE,+
FSKDWS,-
DVRQYVQGCG,-
HHQKLVFFAED,+
GEYTVDVADKGYTLNIKFAGD,+
STVIIV,+
SGDGSL,-
SFVIIE,+
VHHQEKLVFFAEDPGS,+
STMIIE,-
TEFTPTEKDE,+
STVIIS,+
YDYQEKSPREVTMKKGD,-
GYEVHHQKLVFFAEDVGSN,+
KLELKAASQMEFSFTMKL,+
AVGKSNLLSRYARNEFSA,-
DWWKVEVNDRQGFVPA,+
VVGGLGGYML,-
YKMTQTELATKAGVK,-
KTVIVE,-
GTVSFVTSPHQGAGMVGKVTVN,+
STVIIF,+
NLKHQPGGGKVQIVYKEVD,+
YQLENY,-
MERVVEQMCI,-
GFFYTP,-
STPIIE,-
STVILE,-
HLVEAL,-
STVIWE,-
EKDEYA,-
FFYTPK,-
LSQPKI,-
VTLDTKGTY,-
VYYRPMDEYS,-
VLSEGEWQLVLHVWAKVEA,+
SQVIIE,+
KKGHHEAE,-
VPSNEEQIKNLLQLEAQEHLQY,-
FLVHSS,+
KELKQELFFKASATLMMS,+
FLIFLIVG,+
KNNAGFPHNV,-
EQVTNVGGAVVTGVTAVA,+
LSFSKD,-
SMVIIE,+
TVNGVGEVTATAVQGVAV,+
DFSTMRRIVRNLLKELGYN,-
VYSRHP,-
STVIIE,+
EPSEQFIKQHDFSSY,-
STVIEE,-
VPHQKLVFFAEDVGS,+
GEKIVFKNNAGFPHNVVFDE,+
KVEHSD,-
TPGAVNACHL,-
FVNVQAVKVFLESQGIAY,+
SWVIIE,-
KDRVQSKIGSLDNITHVPGGGN,
STTIIE,-
LANWMCLAKW,+
EYSAMRDQYMRTGEG,-
GTDFKYKGKL,-
STVDIE,-
FVNVEAVKAFLEAHGIAY,+
STFIIE,+
EQVTNVGGAVVTG,+
DILTLLNSTNKDWWKVEVND,+
STAQSLKSVDYEVFGRV,-
KDWSFY,+
TRRTTFESVGRWLDELKIHSD,-
KGKKGEIKNVAD,-
KLDFKDRVQSKIGSLDNITHVPGGGN,-
QPKIVK,-
EESEFEPFIEEISTKISY,-
QHTVTTTTKG,-
DTVIIE,+
VTVIIE,+
VHHQEKLVFFAEDVPS,+
DLLKNG,-
ESGYNTRATN,-
STVAIE,-
IQRTPKIQVYSRHPAE,-
KQFTLEMAFLSKALSEMK,-
DAAKYSEV,-
STNVKTAFEMVILDIYNNV,+
FTPTEK,-
ERIEKV,-
STVLIE,+
YYTEFT,-
LEVLLGSGDGSLVFV,+
YNAGDRSTDY,-
DLLKNGERIE,-
TDVKMMERVV,-
DAEFRHDSGYEVHHQKLVFFAEDVGSNKGAIIGLMVGGVV,+
PTGKDEYACRVNHVT,-
KKPVFFAED,-
EQMCITQYER,-
STVIVE,-
VPSNEEQIKKLLELEAKKHLQY,-
DVAGHGQDILIRLFKS,+
YKQQSIQLIEAGVTKR,-
AKKENIIAAAQAGASGY,+
IQRTPK,-
SRHPAE,-
YTVIIE,+
AKNVDYCKEWLVNHIK,-
VHHQKLVFFAEDVGS,+
EVEDYFEEAIRAGLH,-
RENMHRYPNQ,-
QVYSRHPAEN,-
KVEHSDLSFS,-
STGIIE,-
AENGKS,-
SEFSVPSGEK,-
GERGFF,-
STVPIE,-
MLSLKESAKMFFATKELQ,-
EDRYYRENMH,-
ETVIIE,+
IPAGVDAVKISM,+
GIFQINSRYW,-
GLSAPVD,-
ARTVESRQAQDLARSYGIP,-
YQRGSSMVLF,-
STVIIA,+
YEQLDEEHKKIFKGIFDCIRD,+
PHNVVFDEDDEIP,-
ETLKMSMFLEAQFKKSAL,+
STVITE,-
VHHQPLVFFAEDVGS,+
ELLNAPGETY,-
FKSAEDSMRTSGGA,-
PGGGKV3KPV,-
KRNNFKSAEDS,-
MFSKMAKSLFLLAEKTQE,-
RQGVEDAFYTLVREIRQHK,+
NGERIEKVEHSDLSFSKD,-
EDGVDALNKLQAGGY,-
SDVIIE,+
SPVIIE,-
GTGNTEKMAELIAKGIIESGKDY,-
GGYMLGSAMS,-
LTVIIE,+
VHDCVNITIK,+
LEVLLGSG,-
RVNHVT,-
LNCYVSGFHP,-
FYTPKT,-
INNTKSFEDIHQYREQIKRVKDS,-
LLYYTE,+
QISFADYNLLDLLRIHQVLN,+
EALYLV,-
NHVTLS,+
VKWDRD,-
VHHPKLVFFAEDVGS,+
GYANNFLFKQG,+
ASMFEAQLSKEKKMFTLL,-
TYSFYC,-
STVIAE,-
CAKRVVRDPQ,-
LGMDGYRGIS,-
MPEEELLNAPGETYVVTL,+
NQNNFVHDCV,-
AVSVEEGKALAEEEGLF,-
PFTAATLEEKLNKIFEKLGMY,+
TEKDEYACRV,-
PEDKVNSMKSWLSKV,-
LSQPKIVKWDRDM,-
TQYERESQAY,-
VNGMELSKQILQENPH,-
MATLEKLMKAFESLKSFQ,-
ATVIIE,+
NAKAGLSQT,-
STVIDE,-
STVIII,+
DLSFSKDWSF,+
GQVEVSKE,-
ETYVVT,-
VTIKANLIFANGFTQTAEFKG,+
GGKDWWKVGG,-
HQKLVFFAE,-
DWSFYLLYYTEFTPTGKDEYA,+
GWEIPEPYVWDESFRVFY,-
RTPKIQVYSR,-
VTLSQP,-
SGFHPS,-
RDNSA,-
DHPAVMEGTKTILETDSNLS,-
RFRAVTSAYYRGAVG,-
KKLPFFAED,-
RCQNRDVRQY,-
KPVDLSKVTSKCGSLGNIHHKPGGGQVEVKSEKLDF,
STVQIE,-
RPDFSLEPPYTGPSK,-
LAIEATPA,-
HPAENG,-
HMAGAAAAGA,-
NITIKQHTVT,-
VTSKCGSLGNIHHKPGGG,-
STVIGE,-
STYIIE,-
RYPNQVYYRP,-
FGSDYEDRYY,-
GIRAWVAWRN,-
NFGAIL,+
STNIIE,+
KWDRDM,-
STVIIN,+
KTVIIT,-
KIVFKNNAGFPH,-
CNDGKTPGAV,-
FYLLYY,+
SIVIIE,+
GETYVVTL,+
STAIIE,-
DSGYEVHHQKLVFFAEDVGSNKG,+
EVDLLK,-
ELKPLAQSHA,-
YTSPHQGAGMV,-
AAAGAVVGGL,-
STVIIP,-
VHPQKLVFFAEDVGS,+
EGEWQLVLHVWAKVEADVAGHGQDILIRLFK,+
HPETLEKFDRFKHLK,-
YRGISLANWM,-
GSHLVE,-
MDEYSNQNNF,-
STVIIQ,+
STVIIM,+
TTTKGENFTE,-
PTEKDE,-
