Sequence,Class
KGTFEKATSEAYAYADTLKKDNGEY,+
VHHPKLVFFAEDVGS,+
GYANNFLFKQG,+
STVQIE,-
NGERIE,-
YEAGKEKYVKELPEHLKPFETLLSQ,-
LLYYTE,+
RFRAVTSAYYRGAVG,-
STVNIE,+
ISKLEYSNFSVRY,+
VRDPQGIRAW,-
LANWMCLAKW,+
PTGKDEYACRVNHVT,-
DVAGHGQDILIRLFKS,+
STVWIE,+
KLELKAASQMEFSFTMKL,+
KKPVFFAED,-
KWDRDM,-
HLVEAL,-
VKWDRD,-
GIRAWVAWRN,-
LIAGFN,-
VPSNEEQIKNLLQLEAQEHLQY,-
STFIIE,+
HHQKLVFFAED,+
CNDGKTPGAV,-
TEAEMKA,-
GWEIPEPYVWDESFRVFY,-
RGFFYT,-
GKVQIVYK,+
FSKDWS,-
EQMCITQYER,-
STVEIE,+
KGKKGEIKNVAD,-
STVIIE,+
FHPSDI,-
DIEVDL,-
AENGKS,-
SGVIIE,+
PLLSAYVARLSA,-
KVEHSDLSFS,-
KTNMKHMAGA,-
CLAKWESGYN,-
LNCYVSGFHP,-
TDVKMMERVV,-
VTLDTKGTY,-
SAPNLATLVKVTTNHFTHEEAMMD,+
TKRPRFLYEIAMALNSD,+
KSNFLN,-
VHDCVNITIK,+
FGSDYEDRYY,-
YTVIIE,+
VHHQKLVFFAEDVGS,+
RENMHRYPNQ,-
GTGNTEKMAELIAKGIIESGKDY,-
GGYMLGSAMS,-
YKMTQTELATKAGVK,-
AYVKKLDSGTGKELVLAL,-
SMVIIE,+
NAPGETY,-
STQIIE,+
YDYQEKSPREVTMKKGD,-
STVIVE,-
KKLVFFAED,+
SGFHPS,-
SGYEVHHQKLVFFAEDVGSNK,+
VLSEGEWQLVLHVWAKVEA,+
VKSEKLDFKDRVQSKIGSLDNITHVPGGGN,-
KTVIIT,-
STVIIP,-
GVGKSALTIQLIQNHFVY,+
KTVIYE,-
STVIEE,-
PGGGKV3KPV,-
LVEALY,+
VHHQKLVFFAEDV,+
GTVSFVTSPHQGAGMVGKVTVN,+
EQVTNVGGAVVTG,+
STVIIQ,+
DLLKNGERIE,-
ASMFEAQLSKEKKMFTLL,-
STMIIE,-
QHTVTTTTKG,-
ERIEKV,-
KTVIIE,-
GETYVVTL,+
RPDFSLEPPYTGPSK,-
YVSGFH,-
NLKHQPGGGKVQIVYKPVDLSKVTSKCGSLGNIHHKPGGGQVE,
ARTVESRQAQDLARSYGIP,-
MERVVEQMCI,-
STVPIE,-
VTSKCGSLGNIHHKPGGG,-
YYTEFT,-
TPANLKALEAQKQKEQR,-
KELKQELFFKASATLMMS,+
PKIQVY,-
TRATNYNAGD,-
NGERIEKVEHSDLSFSKD,-
ILLISFLIFL,+
MLTFAEFKSMELKSQLAK,-
TKFSSFALLAQKEMLKME,-
STLIIE,+
QISFADYNLLDLLRIHQVLN,+
KKLPFFAED,-
NFGAIL,+
TEKDEYACRV,-
EVVPHKKMHKDFLEKIGGL,+
STVIIV,+
STVIWE,-
EKDEYA,-
FAKFASEKKLESMTLMLQ,-
EPSEQFIKQHDFSSY,-
STIIIE,-
NACHLSCSAL,-
HMAGAAAAGA,-
SFVIIE,+
IQRTPKIQVYSRHPAE,-
VTNVGGAVVTGVTAVA,+
NITIKQHTVT,-
ELLNAPGETY,-
STVIIT,+
FTVIIE,+
GEWTYDDATKTFTVTE,+
STAQSLKSVDYEVFGRV,-
QGGGTHSQWN,-
KTVLIE,-
AKKENIIAAAQAGASGY,+
SYVIIE,+
EPDEAEQDSIEFGKKIANIY,-
KIVFKNNA,-
STVMIE,-
MVGKVTVN,-
GEKIVFKNNAGFPHNVVFDE,+
DLSFSKDWSF,+
CAKRVVRDPQ,-
FYLLYY,+
TVNGVGEVTATAVQGVAV,+
MKVIFLKDVKG,+
VVGGLGGYML,-
DILTLLNSTNKDWWKVEVNDRQGFVPA,+
SRHPAE,-
RYPNQVYYRP,-
EVDLLK,-
STVIFE,+
STVIIA,+
ESGYNTRATN,-
KKLVFFPED,+
QVYSRHPAEN,-
SSPPVILLIS,+
STVILE,-
FVNVQAVKVFLESQGIAY,+
RQGVEDAFYTLVREIRQHK,+
STVGIE,-
STVIAE,-
GIFQINSRYW,-
LKNGER,-
MDEYSNQNNF,-
NAKAGLSQT,-
ATKHKIP,-
EGEWQLVLHVWAKVEADVAGHGQDILIRLFK,+
GLSAPVD,-
VNGMELSKQILQENPH,-
VKSE,-
TEFTPT,-
SNVIIE,+
STSIIE,+
YQRGSSMVLF,-
MPEEELLNAPGETYVVTL,+
NQNNFVHDCV,-
YQLENY,-
ETLKMSMFLEAQFKKSAL,+
MATLEKLMKAFESLKSFQ,-
DTVIIE,+
FTPTEK,-
EESEFEPFIEEISTKISY,-
IEKVEH,-
FHPSDIEVDLLK,-
VHHQPLVFFAEDVGS,+
KSHPET,-
TTVIIE,+
GSHLVE,-
SWVIIE,-
QTVIIE,+
SEFSVPSGEK,-
PEDKVNSMKSWLSKV,-
GERIEKVEHS,-
STDIIE,-
SEDLKKHGVTVLTALGAILK,-
SAFMEKMLLLEKQFKAST,+
MPEEELL,-
DAVKIS,-
FVNQHL,-
SDIEVDLLKN,-
VDLSKVTSK,-
STVDIE,-
FVNVEAVKAFLEAHGIAY,+
VTVIIE,+
IPAGVDAVKISM,+
NSRYWCNDGK,-
STVIIY,+
STVIIL,+
STVIIW,+
SLVFVPSEFS,-
LEVLLGSGDGSLVFV,+
MDGLELLKTIRADSAY,-
STEIIE,+
SQVIIE,+
VTLSQP,-
ESQAYYQRGS,-
NHVTLSQPKI,-
STVISE,-
RTLKRLGMDG,-
SEFSV,-
EDRYYRENMH,-
VPSNEEQIKKLLELEAKKHLQY,-
ATVIIE,+
SLVIIE,+
RVNHVT,-
YEQLDEEHKKIFKGIFDCIRD,-
RCELARTLKR,+
AKNVDYCKEWLVNHIK,-
DAAKYSEV,-
VTIKANLIFANGFTQTAEFKG,+
STVIIN,+
PSKARIIRY,-
GTVIIE,+
RSTDYGIFQI,-
TPGAVNACHL,-
PG33GKVQIVEKPV,-
EDGVDALNKLQAGGY,-
AVSVEEGKALAEEEGLF,-
KQFTLEMAFLSKALSEMK,-
TMMKFQLLKSAEEKLFAS,-
EALYLV,-
YRGISLANWM,-
DVRQYVQGCG,-
LGMDGYRGIS,-
LKNVKSKIGSTE,-
KLVFF,-
GSAMSRPIIH,-
SPVIIE,-
QKLVFFA,-
TESKEKITQYIYHVLNGEIL,+
VHHQEKLVFFAEDVPS,+
FLIFLIVG,+
DWSFYLLYYTEFTPTGKDEYA,+
KNNAGFPHNV,-
STVIPE,-
TEFTPTEKDE,+
STVITE,-
KRNNFKSAEDS,-
YEVHHQKLVFFAEDVGS,+
VEALYL,+
GYEVHHQKLVFFAEDVGSN,+
ETVIIE,+
STGIIE,-
RTPKIQ,-
TYSFYC,-
IQRTPK,-
VHHQEKLVFFAEPVGS,+
SEVIIE,+
STVLIE,+
GGKDWWKVGG,-
NGKSNF,-
STTIIE,-
EIPAGV,-
KIVKWD,+
AKNVDYCKEWLVNHIK,-
LYQLEN,+
QGVSFRMYTEDEARKI,-
VHPQKLVFFAEDVGS,+
SSVIIE,+
STVIDE,-
APGET,-
HSQWNKPSKP,-
KLDFKDRVQSKIGSLDNITHVPGGGN,-
PFTAATLEEKLNKIFEKLGMY,+
HPAENG,-
LSKVTSKCGSLGNIHHKPGGGQVE,-
ENFTETDVKM,-
STVIME,-
GEYTVDVADKGYTLNIKFAGD,+
STVVIE,-
STVFIE,+
QPKIVK,-
KDWSFYLLYY,+
HQKLVFFAE,-
LAIEATPA,-
DWSFYLLYYTEFT,+
NLGPVL,-
PHNVVFDEDDEIP,-
STVIIS,+
STVAIE,-
LSQPKIVKWDRDM,-
KDRVQSKIGSLDNITHVPGGGN,
DSGYEVHHQKLVFFAEDVGSNKG,+
STPIIE,-
VQIVYK,+
STVSIE,-
HPAENGKSNF,-
KIVFKNNAGFPH,-
STVIGE,-
FYTPKT,-
KLAFMLKQAELSSEKTFM,-
TRRTTFESVGRWLDELKIHSD,-
STVIID,+
STVIQE,-
SHLVEA,-
MQTLSERLKKRRIALKY,-
KTVIVE,-
DWWKVEVNDRQGFVPA,+
SIVIIE,+
LSQPKI,-
STAIIE,-
ITVIIE,+
NHVTLS,+
TQYERESQAY,-
KVEHSD,-
EYSAMRDQYMRTGEG,-
FLVHSS,+
SDVIIE,+
DILTLLNSTNKDWWKVEVNDRQGFVPA,-
DFSTMRRIVRNLLKELGYN,-
VHHQEKLVFFAPDVGS,-
SGDGSL,-
GTDFKYKGKL,-
KKGHHEAE,-
STVIIF,+
INNTKSFEDIHQYREQIKRVKDS,-
QTAPVPMPDLKNVKSKIGSTE,
STVIIM,+
KPVDLSKVTSKCGSLGNIHHKPGGGQVEVKSEKLDF,
AAAGAVVGGL,-
STVYIE,+
STVINE,-
VHHQEKLVFFAEDPGS,+
ETYVVT,-
VYYRPMDEYS,-
GVVGWVKNTSKGTVTGQVQG,+
STVIYE,+
DAEFRHDSGYEVHHQKLVFFAEDVGSNKGAIIGLMVGGVV,+
TTTKGENFTE,-
MATLEALMKAFESLKSFQ,-
ARIIRYFYNAKAG,-
STYIIE,-
SDLSFS,-
WSFYLL,-
GDAATAEKVFKQYANDNGVD,-
HPETLEKFDRFKHLK,-
DHPAVMEGTKTILETDSNLS,-
GQVEVSKE,-
FKSAEDSMRTSGGA,-
EVEDYFEEAIRAGLH,-
LQDNIADAVA,-
RDNSA,-
ELLAKSEQAKSMLFTFMK,-
AVGKSNLLSRYARNEFSA,-
GTYSFYT,+
VYSRHP,-
GDGKWMRDFEQRMNGYGSV,-
LTVIIE,+
ERGFFY,-
SLYQLE,-
FFYTPK,-
ASSQKKMKEMLAFFTLEL,+
KDWSFY,+
STNIIE,+
ADAVACAKRV,-
NTVIIE,+
YEQLDEEHKKIFKGIFDCIRD,+
RTPKIQVYSR,-
YLLYYTEFTP,+
PGGGKN8EVYKPV,-
LSFSKD,-
QTAPVPMPDLKNVKSKIGS67ENLKHQPGGGKVQIVY,-
STVTIE,+
KKLVPFAED,-
DILTLLNSTNKDWWKVEVND,+
STNVKTAFEMVILDIYNNV,+
PTEKDE,-
MFSKMAKSLFLLAEKTQE,-
SAVIIE,+
YACRVNHVTL,-
VPHQKLVFFAEDVGS,+
AMALNCDPVWLQYGTKRGKA,-
SGFHPSDIEV,-
SMVLFSSPPV,+
LEVLLGSG,-
VQIVYK,+
QTAPVPMPD,-
YNAGDRSTDY,-
MLSLKESAKMFFATKELQ,-
NGKSNFLNCYVSG,-
VHHQKLVPFAEDVGS,-
YKQQSIQLIEAGVTKR,-
RCQNRDVRQY,-
PGGG5VQIVYKPV,+
PTVIIE,-
