seq_no,F1,F2,F3,F4,F5,F6,Class
1,1,0,0,2,2,3,1
2,0,2,0,1,1,0,1
3,2,0,1,2,0,0,1
4,0,0,1,0,0,1,0
5,1,0,0,1,0,0,0
6,0,1,1,1,0,1,0
7,0,0,0,0,0,1,1
8,0,0,0,2,0,1,0
9,1,0,0,0,0,1,1
10,1,0,0,0,0,0,1
11,0,0,1,1,1,0,0
12,1,0,0,0,0,0,1
13,1,1,0,1,1,2,0
14,0,1,1,2,2,0,1
15,0,0,0,0,0,1,1
16,0,0,1,0,0,1,1
17,0,0,0,0,1,0,0
18,0,0,0,0,2,0,0
19,0,1,0,0,0,0,0
20,0,0,0,0,2,0,0
21,1,0,0,1,0,0,0
22,1,0,0,1,0,0,0
23,2,1,4,0,0,0,0
24,0,0,0,0,0,1,1
25,0,2,1,0,1,0,1
26,1,0,0,2,1,1,0
27,0,0,0,0,0,1,0
28,0,0,0,1,1,0,0
29,0,0,0,1,0,1,0
30,0,0,1,1,0,0,1
31,0,0,0,0,1,0,0
32,0,0,2,0,0,1,0
33,0,0,0,0,0,1,1
34,1,0,0,2,1,0,0
35,0,0,0,0,0,1,1
36,0,1,0,0,1,0,0
37,0,0,0,0,2,0,0
38,1,0,0,1,0,0,0
39,0,0,0,1,0,0,1
40,0,0,0,0,0,0,0
41,0,1,0,0,1,0,0
42,1,1,0,1,0,1,0
43,1,0,0,1,0,0,0
44,1,1,0,1,0,0,0
45,0,0,0,0,1,1,0
46,0,0,0,1,1,3,0
47,2,2,0,0,1,4,1
48,1,0,0,0,1,1,1
49,2,0,0,0,0,0,0
50,1,1,0,0,1,1,1
51,0,0,0,1,2,0,0
52,0,0,0,0,0,1,1
53,0,2,1,1,1,0,1
54,2,1,1,0,0,0,0
55,1,0,0,4,1,2,0
56,0,0,0,3,0,0,0
57,0,0,1,1,0,3,0
58,0,0,0,2,1,1,0
59,0,0,0,0,0,0,1
60,1,0,0,1,0,1,0
61,0,0,1,0,0,1,1
62,0,0,1,1,2,1,0
63,0,0,0,0,0,1,0
64,0,0,0,0,1,0,1
65,0,1,0,1,0,0,0
66,1,2,1,2,1,0,1
67,0,1,1,1,0,0,1
68,2,1,1,4,3,1,0
69,0,0,0,0,0,2,0
70,0,0,0,0,0,1,0
71,1,1,2,2,0,1,1
72,0,0,0,0,0,1,0
73,0,0,0,0,0,1,0
74,0,0,0,0,0,0,1
75,0,2,1,0,1,0,1
76,1,1,1,4,0,3,1
77,1,0,1,3,0,2,1
78,0,0,1,0,0,1,1
79,1,0,0,1,1,0,0
80,0,0,1,0,0,1,0
81,0,0,0,0,0,1,0
82,0,1,1,1,0,5,0
83,0,0,0,0,0,0,0
84,0,0,0,0,0,1,0
85,0,0,0,1,0,2,1
86,0,0,0,1,1,1,0
87,0,1,0,1,0,0,0
88,0,0,2,1,1,1,0
89,0,0,1,0,0,0,0
90,0,0,0,0,0,1,0
91,1,2,0,5,0,1,0
92,0,0,0,0,0,2,0
93,1,0,3,0,0,1,0
94,0,0,1,0,0,1,1
95,0,0,1,0,0,0,0
96,2,0,0,1,1,2,0
97,1,1,0,1,2,0,0
98,0,0,0,0,0,0,1
99,0,0,1,0,0,1,0
100,0,0,1,0,0,1,0
101,0,0,0,0,0,1,1
102,2,1,2,0,2,0,1
103,0,0,0,0,1,0,0
104,1,0,0,1,0,0,1
105,0,0,0,0,1,1,0
106,0,2,0,2,1,0,1
107,0,0,0,0,0,1,1
108,0,0,0,0,0,1,0
109,0,0,0,0,1,0,0
110,0,0,1,0,0,1,0
111,0,1,2,0,1,0,0
112,0,0,0,0,0,1,0
113,1,1,0,0,0,0,0
114,0,1,0,2,0,0,0
115,0,0,0,0,0,0,1
116,0,1,2,0,0,1,0
117,1,0,0,3,0,3,1
118,1,1,1,0,0,3,0
119,1,0,0,1,0,1,0
120,0,0,0,0,0,2,1
121,0,0,0,0,0,1,1
122,0,0,0,1,2,5,1
123,0,0,1,1,1,1,0
124,1,1,2,3,0,1,0
125,0,0,0,0,0,1,0
126,1,0,1,2,0,0,1
127,0,0,0,0,0,0,1
128,1,0,1,1,2,0,0
129,2,0,0,0,0,0,0
130,0,0,0,0,0,1,0
131,1,0,0,1,0,1,0
132,3,1,0,2,1,0,1
133,0,0,0,0,2,0,1
134,0,0,1,0,1,0,0
135,0,0,0,0,0,0,1
136,1,0,1,3,0,3,1
137,0,0,0,1,1,0,1
138,0,0,0,4,0,0,0
139,3,0,1,1,3,2,1
140,0,1,0,0,0,0,0
141,1,0,1,0,0,0,0
142,0,0,0,0,1,0,0
143,0,0,0,0,0,1,1
144,0,0,0,0,0,1,1
145,2,0,0,1,0,2,0
146,0,0,0,0,1,0,1
147,1,1,1,0,0,0,0
148,0,0,0,0,0,0,1
149,0,0,0,0,0,1,0
150,1,0,2,1,0,0,1
151,0,1,2,1,1,1,1
152,0,0,0,1,0,1,0
153,0,0,0,0,0,1,0
154,1,0,1,1,0,0,0
155,1,0,0,1,0,0,0
156,3,0,1,0,1,0,0
157,1,0,1,1,0,1,0
158,0,1,0,0,0,1,0
159,0,2,2,3,2,0,1
160,0,0,0,1,1,0,0
161,2,1,2,1,0,0,0
162,0,0,0,0,0,0,0
163,0,0,0,0,0,3,0
164,1,0,0,0,0,0,1
165,0,0,0,0,0,1,1
166,0,0,1,1,0,0,0
167,1,0,0,1,0,2,1
168,3,1,1,0,1,0,0
169,1,0,1,0,0,0,0
170,0,0,1,0,0,1,1
171,0,0,1,0,0,1,0
172,0,0,0,0,1,1,1
173,0,0,0,0,0,2,0
174,0,0,0,0,0,1,0
175,0,1,0,0,0,0,0
176,0,1,0,0,2,0,0
177,0,2,1,1,1,0,1
178,0,1,0,0,0,1,0
179,0,0,0,0,0,2,1
180,0,1,0,1,0,0,0
181,0,0,0,0,0,0,0
182,0,0,1,0,0,1,1
183,0,0,0,1,0,0,0
184,1,0,0,0,1,0,0
185,0,1,0,1,0,0,0
186,0,0,0,0,1,1,0
187,0,1,0,2,1,2,0
188,0,0,1,0,0,1,1
189,0,0,0,0,0,0,0
190,0,0,0,0,1,0,0
191,1,1,1,0,0,0,0
192,1,0,0,0,2,0,0
193,0,0,0,0,1,1,0
194,0,0,0,0,1,1,0
195,1,1,0,1,0,0,1
196,0,0,0,0,0,1,1
197,0,0,0,1,1,0,1
198,2,0,0,1,1,0,0
199,0,0,0,0,0,1,1
200,0,0,0,0,0,1,1
201,0,0,0,0,0,1,1
202,0,0,0,0,0,0,0
203,0,0,0,3,1,0,1
204,0,0,0,1,2,1,0
205,0,0,0,0,0,1,1
206,0,0,1,0,0,0,1
207,0,0,1,0,0,1,0
208,0,0,2,1,0,0,0
209,1,1,1,0,0,1,0
210,0,0,0,0,0,1,0
211,0,0,0,2,1,1,0
212,0,0,0,0,0,0,0
213,1,1,0,0,1,0,0
214,1,1,2,0,0,0,0
215,0,0,0,0,0,1,1
216,0,0,0,0,0,0,1
217,1,1,0,0,0,1,0
218,0,1,1,1,3,0,0
219,0,0,0,0,0,1,1
220,2,1,0,0,1,0,0
221,0,0,0,0,1,0,0
222,2,0,1,2,0,3,1
223,1,0,0,0,0,1,1
224,0,0,0,0,0,0,0
225,0,0,0,1,0,1,1
226,0,0,1,1,1,1,0
227,1,1,0,1,0,1,0
228,1,0,1,3,2,0,0
229,0,0,0,2,0,0,0
230,0,0,1,0,0,1,0
231,0,0,1,0,0,1,0
232,0,0,0,0,0,0,0
233,1,0,0,1,0,0,0
234,0,0,2,2,1,0,0
235,0,0,0,3,1,0,0
236,1,0,0,1,0,1,0
237,0,0,0,0,0,0,0
238,0,1,0,1,0,0,0
239,0,0,0,0,0,0,0
240,0,0,1,0,0,0,0
241,1,1,1,1,0,2,1
242,0,2,1,0,1,0,1
243,0,0,0,1,0,0,1
244,0,0,0,1,2,3,1
245,3,1,0,1,0,0,0
246,0,0,0,0,0,1,0
247,0,0,0,0,1,3,1
248,0,0,0,0,0,2,0
249,2,0,0,0,1,0,0
250,0,2,1,1,1,0,1
251,0,0,0,0,0,0,1
252,1,2,1,2,1,0,1
253,0,0,0,0,0,1,1
254,0,0,0,1,0,1,0
255,0,0,1,0,0,1,0
256,0,0,0,0,0,1,0
257,0,0,1,0,0,1,0
258,0,2,1,1,0,0,1
259,0,0,0,0,0,0,1
260,0,0,0,0,0,1,1
261,0,0,0,4,1,0,0
262,2,0,0,1,0,0,0
263,0,0,0,0,0,2,0
264,0,0,0,1,0,0,0
265,0,0,0,0,1,0,1
266,2,1,0,0,1,0,0
267,1,0,1,0,0,0,1
268,0,0,1,1,1,1,0
269,0,1,1,1,1,0,1
270,0,0,0,0,0,0,1
271,0,0,0,0,1,1,0
272,0,0,0,1,0,1,0
273,1,1,1,0,0,0,0
274,2,1,1,4,3,1,0
275,1,0,0,1,0,2,1
276,1,1,0,1,0,0,0
277,1,2,1,5,0,1,0
278,1,0,0,0,1,2,0
279,0,0,0,0,0,1,0
280,1,0,0,3,3,2,1
281,0,0,0,0,0,1,0
282,0,0,0,0,0,1,1
283,0,0,1,0,0,0,0
284,0,0,0,0,1,0,1
285,0,1,1,0,0,0,0
286,0,0,0,0,0,1,0
287,0,0,0,0,1,2,1
288,1,0,0,1,0,0,0
289,1,1,0,0,3,0,0
290,0,0,0,0,0,1,1
291,0,0,0,0,0,1,0
292,0,0,1,0,2,0,0
293,1,2,1,3,2,0,1
294,0,0,0,0,0,1,0
295,0,0,1,0,0,0,1
296,0,0,0,0,0,1,0
297,2,1,0,1,0,0,0
298,2,1,0,1,0,0,0
299,0,0,0,1,0,1,0
300,0,0,0,0,0,2,0
301,0,0,1,0,0,1,0
302,0,1,0,1,2,3,0
303,0,0,0,0,1,1,1
304,0,0,1,0,0,1,0
305,0,1,0,0,0,0,0
306,0,0,1,0,0,1,0
307,0,0,0,0,0,1,0
308,1,0,1,1,2,0,1
309,0,0,0,0,0,0,1
310,0,0,1,0,0,0,0
311,0,0,0,0,0,1,0
312,0,0,0,0,0,1,1
313,1,1,0,0,0,1,1
314,0,0,2,0,0,1,0
315,0,1,0,0,1,0,0
316,0,0,1,2,1,1,0
317,0,1,0,0,0,0,1
318,0,0,0,0,1,0,1
319,3,0,1,1,3,2,0
320,2,0,0,1,1,1,0
321,0,2,1,1,1,0,0
322,0,0,0,2,1,0,0
323,0,0,0,2,1,1,0
324,0,2,0,1,0,0,0
325,0,0,0,0,0,1,1
326,2,1,2,0,2,1,0
327,0,0,0,0,0,1,1
328,0,0,0,3,0,0,0
329,0,0,0,0,0,1,1
330,1,0,0,0,0,1,0
331,0,2,1,1,1,0,1
332,0,0,0,0,0,2,0
333,0,0,0,0,1,0,0
334,1,0,2,5,0,3,1
335,0,0,0,0,0,1,1
336,1,3,1,6,3,0,1
337,1,0,0,1,0,4,0
338,0,0,1,0,0,1,0
339,1,0,0,1,0,0,0
340,0,0,0,0,0,1,0
341,0,0,0,0,1,0,0
342,0,0,0,0,0,0,0
343,2,0,1,2,3,1,0
344,0,2,0,0,1,1,0
345,1,1,0,1,2,3,0
346,0,0,1,1,0,0,0
347,0,0,0,2,1,1,0
348,0,1,0,1,1,0,0
349,1,0,1,0,2,0,0
350,1,0,0,0,1,0,0
351,0,0,1,0,0,1,0
352,2,0,0,1,0,0,0
353,0,0,0,1,0,2,1
354,0,1,0,0,0,0,0
355,1,0,1,4,2,0,0
356,0,0,0,0,0,1,1
357,0,0,0,1,0,0,0
358,0,0,1,0,0,0,0
359,0,0,0,0,0,1,0
360,0,0,1,0,0,1,1
361,0,0,0,0,1,0,1
362,1,0,0,0,0,1,1
363,0,0,0,0,1,0,0
364,1,0,0,0,0,1,1
365,0,1,1,1,3,0,1
366,0,0,1,0,0,1,0
367,0,0,0,0,0,2,1
368,0,0,0,0,1,0,0
369,0,0,0,0,0,2,1
370,0,0,0,0,1,0,0
371,3,0,0,0,3,2,1
372,3,0,0,0,1,2,1
373,0,0,0,0,1,1,0
374,0,0,1,0,0,1,0
375,0,0,0,0,0,0,1
376,1,1,0,0,0,1,0
377,0,1,1,1,1,0,1
378,1,0,1,2,1,1,0
379,0,1,0,1,1,0,0
380,0,0,0,0,0,0,1
381,0,0,0,2,0,0,0
382,0,0,1,0,0,0,1
383,0,0,1,0,1,1,0
384,1,0,0,1,2,1,0
385,0,0,1,0,0,1,0
386,3,0,0,2,0,0,0
387,0,2,1,1,1,0,0
388,0,0,3,1,0,1,0
389,1,0,2,0,1,0,0
390,0,0,0,0,0,1,0
391,1,0,0,0,2,0,0
392,1,0,0,1,0,1,0
393,0,0,0,0,0,2,1
394,1,1,1,1,0,2,1
395,1,0,0,1,0,0,0
396,2,2,0,0,1,4,1
397,0,0,0,3,0,1,1
398,0,0,0,0,0,0,1
399,2,0,0,1,1,2,0
400,1,0,0,1,0,1,0
401,1,1,1,0,0,0,0
402,0,0,1,1,1,0,0
403,0,1,0,0,0,0,0
404,0,0,0,0,0,2,1
405,1,0,0,0,0,1,0
406,0,0,0,0,1,1,0
407,0,1,0,0,1,0,0
408,0,0,0,0,0,1,1
409,1,0,1,0,2,0,0
410,0,0,0,0,1,0,0
411,0,2,1,0,1,0,1
412,1,2,1,5,0,1,0
413,0,0,0,0,1,1,1
414,3,0,1,1,3,2,1
415,0,0,0,0,1,0,0
416,1,0,0,0,0,1,1
417,0,0,0,1,0,1,0
418,1,0,0,0,1,1,1
419,0,0,0,0,0,1,1
420,0,0,0,0,0,0,0
421,1,1,2,3,0,1,0
422,0,0,0,0,0,1,0
423,1,0,1,1,2,0,0
424,1,0,0,1,0,0,0
425,0,0,0,0,1,0,0
426,0,2,1,1,1,0,1
427,0,0,0,0,0,1,0
428,0,0,0,0,0,1,0
429,0,0,0,1,0,0,0
430,0,0,0,0,0,1,1
431,1,0,0,1,0,0,0
432,0,1,0,1,0,0,0
433,1,0,0,0,1,2,0
434,0,0,0,0,0,1,0
435,0,2,1,1,1,0,1
436,1,0,0,0,0,0,1
437,0,2,0,2,1,0,1
438,0,0,0,0,0,0,1
439,0,0,1,0,0,1,1
440,0,0,0,0,0,0,0
441,0,0,1,1,1,1,0
442,1,0,3,0,0,1,0
443,0,0,1,0,0,1,0
444,0,0,0,0,0,0,1
445,0,0,1,0,0,0,0
446,0,0,0,0,1,2,1
447,1,0,0,0,0,1,0
448,0,0,0,1,0,0,1
449,0,0,1,0,0,1,0
450,2,1,0,0,1,0,0
451,2,0,1,0,0,0,0
452,2,0,0,1,1,2,0
453,0,0,0,1,0,0,0
454,0,0,0,0,0,1,0
455,1,0,0,1,0,0,0
456,1,0,0,1,0,0,0
457,0,0,0,0,0,1,0
458,0,0,1,0,0,1,0
459,0,1,0,2,1,2,0
460,1,2,1,2,1,0,1
461,0,0,1,0,0,1,0
462,0,0,0,1,2,5,1
463,0,0,0,0,0,2,1
464,0,1,0,0,1,0,0
465,1,0,0,3,0,3,1
466,2,0,1,2,0,1,1
467,1,0,2,5,0,3,1
468,0,0,1,0,0,1,1
469,0,0,0,0,0,0,1
470,1,0,0,1,0,1,0
471,3,0,1,1,3,2,0
472,1,1,0,0,0,0,0
473,0,0,0,0,0,1,1
474,1,1,0,1,0,1,0
475,1,0,1,0,0,0,1
476,0,0,1,0,0,1,0
477,0,0,0,0,0,1,1
478,0,0,0,0,0,0,1
479,1,0,0,2,2,3,1
480,0,0,0,0,0,0,1
481,0,0,0,0,0,1,1
482,0,2,1,1,1,0,0
483,0,0,1,0,1,1,0
484,2,1,0,1,0,0,0
485,0,0,0,0,0,1,1
486,1,0,1,4,2,0,0
487,0,0,1,0,0,1,0
488,0,0,1,0,0,0,1
489,1,3,1,3,2,0,1
490,0,0,0,0,0,0,1
491,0,0,0,1,0,2,1
492,0,0,0,0,0,0,1
493,1,0,1,2,1,1,0
494,0,0,0,0,0,0,0
495,1,1,1,0,0,0,0
496,0,0,0,0,1,0,0
497,0,0,1,0,0,1,0
498,2,0,0,0,0,0,0
499,0,0,1,0,0,0,1
500,0,0,0,1,0,1,1
501,1,0,0,2,0,5,0
502,0,0,0,0,0,1,0
503,1,1,1,0,0,1,0
504,0,0,0,0,0,0,1
505,0,0,1,0,0,1,1
506,2,0,0,0,0,0,0
507,0,2,1,1,1,0,0
508,0,0,0,0,1,1,0
509,0,0,0,2,1,1,0
510,0,1,0,0,2,0,0
511,0,0,0,1,1,0,1
512,2,0,0,1,0,0,0
513,0,0,1,0,0,1,0
514,0,1,0,1,0,0,0
515,0,0,0,0,0,1,1
516,0,0,0,0,0,0,1
517,0,0,0,0,1,0,0
518,0,0,0,0,0,1,1
519,0,0,0,0,0,0,0
520,0,1,1,1,3,0,0
521,0,1,0,0,0,1,0
522,0,0,1,0,0,0,0
523,1,0,0,0,0,0,1
524,0,0,0,0,0,1,0
525,0,0,0,0,2,0,0
526,0,0,0,0,0,1,1
527,0,0,1,1,0,0,1
528,0,0,0,0,0,0,0
529,0,0,2,1,0,0,0
530,2,0,1,2,3,1,0
531,0,0,0,0,0,1,1
532,0,0,1,0,0,0,0
533,0,0,0,1,0,1,0
534,0,1,0,0,0,1,0
535,0,0,0,0,0,2,1
536,3,0,0,2,0,0,0
537,0,0,0,0,0,0,1
538,0,0,0,0,1,0,0
539,0,0,0,0,0,3,0
540,0,0,0,0,0,0,0
541,0,0,0,0,0,1,1
542,0,0,0,2,1,1,0
543,2,0,0,1,1,0,0
544,0,1,0,1,1,0,0
545,0,0,0,0,1,0,1
546,0,0,1,0,0,1,0
547,0,0,0,0,0,1,0
548,0,0,0,1,0,1,0
549,0,1,0,1,0,0,0
550,0,0,1,0,0,1,1
551,0,0,0,0,0,0,0
552,1,1,2,2,0,1,1
553,0,0,1,0,0,1,0
554,1,0,0,1,0,0,0
555,1,0,0,0,0,1,1
556,0,0,0,0,0,1,0
557,0,2,1,1,0,0,1
558,0,1,1,1,0,1,0
559,0,0,0,0,0,1,1
560,0,0,0,0,0,1,0
561,0,0,0,0,1,0,1
562,0,0,1,0,0,0,0
563,0,0,1,1,1,1,0
564,0,0,0,0,0,0,0
565,2,1,1,4,3,1,0
566,0,0,0,0,0,1,1
567,1,0,1,1,4,2,0
568,0,0,0,0,0,1,1
569,0,0,0,0,1,0,1
570,0,0,0,1,2,1,0
571,0,0,0,0,1,0,1
572,0,0,0,0,0,1,0
573,0,0,0,0,0,1,1
574,1,1,0,0,0,1,0
575,0,0,0,0,0,0,0
576,0,1,0,0,0,0,0
577,0,0,0,0,0,1,1
578,0,0,0,0,1,0,0
579,0,0,2,2,1,0,0
580,0,2,1,0,1,0,1
581,1,0,0,3,3,2,1
582,0,0,0,0,0,1,1
583,0,0,0,2,1,0,0
584,0,0,0,0,0,0,1
585,0,2,1,1,1,0,1
586,0,0,0,0,0,1,0
587,0,0,0,0,1,3,1
588,0,0,0,0,0,1,1
589,0,0,1,1,2,1,0
590,1,2,1,2,1,0,1
591,0,0,1,0,0,1,1
592,2,0,0,1,0,0,0
593,1,0,1,1,2,0,1
594,0,0,0,4,0,0,0
595,0,0,1,1,0,3,0
596,0,0,0,0,0,1,0
597,1,1,1,4,0,3,1
598,0,0,0,0,0,1,1
599,1,1,2,3,1,0,1
600,1,0,1,0,0,0,0
601,0,0,1,0,0,0,0
602,0,0,0,1,0,1,0
603,0,0,0,0,0,1,0
604,0,0,0,0,0,1,0
605,0,1,0,0,0,0,0
606,0,0,0,0,0,1,0
607,0,0,0,0,1,0,0
608,0,0,0,0,0,1,0
609,0,0,1,0,0,0,0
610,0,0,0,1,1,3,0
611,0,0,0,0,1,0,0
612,0,1,1,1,0,0,1
613,0,0,1,0,0,0,1
614,0,2,0,1,0,0,0
615,2,1,4,0,0,0,0
616,0,1,0,0,0,0,1
617,0,0,1,0,0,1,1
618,0,0,0,1,0,0,1
619,3,1,0,1,0,0,0
620,1,0,1,3,0,3,1
621,0,0,0,0,1,0,0
622,0,0,0,0,0,0,1
623,1,0,1,3,0,3,1
624,2,0,0,1,1,1,0
625,0,1,0,0,0,0,0
626,0,0,0,0,0,1,1
627,0,1,2,0,1,0,0
628,0,0,0,0,0,1,0
629,0,1,1,1,1,0,1
630,3,1,0,2,1,0,1
631,0,1,0,0,1,0,0
632,1,1,0,1,0,1,0
633,1,0,2,1,0,0,1
634,0,0,0,0,0,0,0
635,0,0,0,0,0,2,0
636,1,0,0,0,0,0,1
637,0,0,1,2,1,1,0
638,0,0,0,2,1,1,0
639,0,0,0,0,1,1,0
640,1,1,0,1,0,0,1
641,0,0,0,0,0,1,1
642,1,0,1,3,0,2,1
643,3,0,0,0,3,2,1
644,0,0,1,1,1,1,0
645,0,0,0,0,1,0,1
646,0,1,0,1,2,3,0
647,1,0,0,2,1,0,0
648,2,1,1,4,3,1,0
649,0,0,1,0,0,0,0
650,0,0,0,0,0,1,0
651,0,1,1,1,0,5,0
652,0,0,0,0,1,1,1
653,0,0,0,0,0,1,1
654,0,2,1,0,1,0,1
655,1,0,0,1,1,0,0
656,2,0,0,1,0,2,0
657,0,0,0,0,0,1,0
658,0,1,2,0,0,1,0
659,0,0,1,0,0,1,0
660,0,0,0,0,1,0,0
661,3,0,0,0,1,2,1
662,0,0,0,0,0,2,0
663,0,0,0,0,0,0,0
664,0,0,0,0,0,1,1
665,0,0,0,0,0,2,0
666,0,0,0,3,1,0,1
667,1,0,0,1,2,1,0
668,1,0,0,1,1,0,0
669,0,0,0,0,1,1,0
670,1,3,1,6,3,0,1
671,1,1,0,1,1,2,0
672,0,0,0,0,1,0,0
673,0,0,2,0,0,1,0
674,0,0,0,0,0,1,0
675,1,1,2,0,0,0,0
676,0,1,1,2,2,0,1
677,0,0,3,1,0,1,0
678,1,0,1,2,0,0,1
679,0,0,1,0,0,1,0
680,0,1,0,0,0,0,0
681,0,0,0,0,0,1,1
682,2,1,0,0,1,0,0
683,0,2,1,1,1,0,1
684,0,1,0,1,1,0,0
685,2,1,1,0,0,0,0
686,1,1,1,0,0,0,0
687,0,1,0,0,1,0,0
688,0,0,0,1,0,1,0
689,1,0,0,1,0,0,0
690,0,0,0,1,0,0,0
691,0,0,0,2,0,0,0
692,0,0,0,0,0,1,0
693,0,0,1,0,0,1,0
694,1,1,0,0,1,0,0
695,0,0,0,0,0,1,1
696,0,0,0,1,1,0,1
697,1,0,1,1,0,0,0
698,0,0,0,1,1,0,0
699,0,0,2,1,1,1,0
700,0,0,1,1,0,0,0
701,0,0,0,0,0,1,1
702,0,1,1,1,3,0,1
703,1,1,0,0,3,0,0
704,0,0,1,0,0,1,1
705,0,0,0,0,0,2,0
706,0,2,1,1,1,0,1
707,1,0,0,1,0,1,0
708,0,0,0,2,1,1,0
709,2,0,0,0,1,0,0
710,0,0,1,0,0,1,0
711,0,1,2,1,1,1,1
712,1,1,0,1,2,0,0
713,1,0,1,3,2,0,0
714,0,0,0,0,1,0,1
715,0,0,0,0,0,0,0
716,1,0,0,4,1,2,0
717,0,0,0,3,0,0,0
718,0,0,0,0,0,1,1
719,1,1,0,0,1,1,1
720,0,0,0,2,0,0,0
721,1,1,0,0,0,1,0
722,1,1,0,1,0,0,0
723,0,0,0,0,0,2,0
724,2,1,2,0,2,1,0
725,0,0,0,0,0,1,1
726,2,1,2,0,2,0,1
727,0,0,0,0,0,0,0
728,1,1,0,0,0,1,1
729,0,0,0,0,2,0,0
730,0,2,0,1,1,0,1
731,2,0,1,2,0,0,1
732,0,0,1,0,0,1,0
733,0,0,0,0,0,1,0
734,0,0,0,0,0,1,0
735,0,0,1,0,1,0,0
736,0,0,0,3,1,0,0
737,1,0,0,1,0,2,1
738,3,1,1,0,1,0,0
739,0,0,0,2,0,0,0
740,1,0,0,1,0,2,1
741,0,0,0,0,1,1,0
742,1,0,0,0,1,0,0
743,0,0,1,0,2,0,0
744,0,0,2,0,0,1,0
745,2,1,2,1,0,0,0
746,0,0,1,0,0,1,0
747,0,0,0,0,0,1,1
748,1,0,1,1,0,1,0
749,0,0,0,0,1,1,0
750,0,0,0,0,0,1,1
751,0,0,0,0,2,0,1
752,0,0,1,1,0,0,0
753,0,0,0,0,0,2,0
754,2,0,1,2,0,3,1
755,0,0,0,4,1,0,0
756,0,1,1,0,0,0,0
757,0,0,0,1,2,3,1
758,0,0,0,1,1,0,0
759,0,0,1,0,0,1,0
760,0,0,1,0,0,1,0
761,0,1,0,1,0,0,0
762,1,0,0,0,1,0,0
763,1,1,0,1,2,3,0
764,0,0,0,2,0,1,0
765,0,0,0,0,1,0,0
766,1,0,2,0,1,0,0
767,0,0,1,0,0,1,0
768,0,0,0,1,1,1,0
769,0,0,0,0,0,1,0
770,1,1,0,1,0,0,0
771,0,1,0,2,0,0,0
772,1,1,1,0,0,3,0
773,1,2,0,5,0,1,0
774,0,0,0,1,0,1,0
775,0,0,0,0,0,1,0
776,1,0,1,0,0,0,0
777,0,0,0,1,2,0,0
778,1,0,0,1,0,0,0
779,1,0,0,1,0,0,1
780,1,0,0,0,0,1,1
781,0,0,0,0,2,0,0
782,1,0,0,0,0,1,1
783,0,0,0,0,0,2,0
784,2,1,0,1,0,0,0
785,1,0,0,2,1,1,0
786,0,0,0,0,0,0,1
787,0,0,0,0,0,0,1
788,0,0,0,1,0,2,1
789,0,0,0,0,0,1,0
790,1,2,1,3,2,0,1
791,0,0,0,0,1,0,0
792,0,1,1,0,0,0,0
793,0,1,1,2,0,1,0
794,0,0,0,3,0,0,0
795,0,0,0,0,0,1,0
796,0,1,1,1,1,0,1
797,0,2,2,3,2,0,1
798,0,2,0,0,1,1,0
799,1,0,0,1,0,0,0
800,0,1,0,1,0,0,0
801,3,0,1,0,1,0,0
802,0,0,1,0,0,1,1
803,0,0,0,0,0,1,1
804,1,0,0,1,0,4,0
805,0,0,0,0,1,1,0
806,0,1,0,0,0,0,0
807,0,1,1,2,2,0,1
808,0,1,1,1,1,0,1
809,0,0,0,0,2,0,1
810,0,0,0,1,1,0,0
811,0,0,0,1,1,3,0
812,0,0,0,0,0,1,0
813,0,0,0,0,0,1,0
814,0,0,0,0,0,1,1
815,0,0,0,0,0,0,1
816,1,0,1,0,0,0,0
817,0,0,0,0,2,0,0
818,0,0,0,0,1,0,0
819,0,0,0,0,0,1,1
820,2,0,0,1,0,0,0
821,0,0,0,1,0,1,0
822,0,0,0,0,0,1,0
823,0,0,1,0,0,0,0
824,2,0,0,1,0,0,0
825,1,0,0,1,0,1,0
826,2,0,1,2,0,3,1
827,0,1,0,1,0,0,0
828,1,0,0,0,0,1,1
829,0,0,0,0,0,0,0
830,0,0,1,1,1,0,0
831,0,0,1,0,0,0,0
832,1,0,1,0,0,0,0
833,1,0,1,2,0,0,1
834,1,1,2,3,1,0,1
835,0,0,0,0,0,1,0
836,2,0,0,0,1,0,0
837,1,0,0,1,0,1,0
838,0,0,0,0,0,1,0
839,0,0,0,0,1,0,0
840,0,0,0,0,1,0,1
841,0,0,0,0,1,0,1
842,0,0,1,0,0,1,0
843,0,0,0,1,0,1,0
844,0,0,0,0,1,0,0
845,1,2,0,5,0,1,0
846,0,2,1,1,1,0,0
847,0,0,0,0,0,1,1
848,1,0,1,4,2,0,0
849,0,0,1,0,1,0,0
850,1,0,0,1,0,4,0
851,0,0,0,0,0,1,1
852,0,1,0,1,0,0,0
853,0,1,1,1,1,0,1
854,0,0,0,1,0,1,1
855,2,0,1,2,3,1,0
856,0,0,1,0,0,1,0
857,0,1,0,2,1,2,0
858,0,0,0,0,0,1,1
859,0,0,2,2,1,0,0
860,0,0,0,0,0,1,1
861,0,0,0,0,0,1,1
862,0,0,0,0,0,0,0
863,0,0,0,0,0,1,1
864,0,0,1,1,1,1,0
865,0,0,0,0,0,1,1
866,0,0,0,0,2,0,0
867,1,0,0,1,1,0,0
868,0,0,0,0,1,0,1
869,1,0,0,0,0,0,1
870,0,2,1,0,1,0,1
871,2,0,1,0,0,0,0
872,1,0,1,3,2,0,0
873,1,0,0,1,0,2,1
874,2,1,0,0,1,0,0
875,0,0,0,0,0,2,1
876,0,0,2,1,1,1,0
877,0,0,0,0,0,1,1
878,2,0,0,1,1,1,0
879,0,0,1,0,0,1,1
880,0,0,0,0,0,1,1
881,2,0,0,1,1,2,0
882,1,0,1,1,0,1,0
883,0,0,0,0,0,2,0
884,1,0,0,1,0,0,0
885,0,0,1,0,0,0,0
886,1,0,1,3,0,3,1
887,2,1,1,0,0,0,0
888,1,0,0,2,2,3,1
889,1,0,0,1,0,2,1
890,0,0,1,1,1,1,0
891,0,0,0,4,1,0,0
892,0,0,0,3,0,0,0
893,0,0,1,0,0,1,1
894,2,2,0,0,1,4,1
895,1,0,0,1,0,0,0
896,0,1,0,0,0,0,0
897,0,1,1,1,0,1,0
898,0,0,0,0,1,1,1
899,0,0,0,0,0,0,0
900,0,0,0,1,0,0,1
901,0,0,0,0,0,3,0
902,0,0,1,0,0,1,0
903,0,0,0,0,0,0,0
904,0,0,1,0,0,1,1
905,0,0,0,0,0,1,1
906,1,0,1,0,0,0,1
907,0,0,0,0,0,0,1
908,1,0,1,3,0,2,1
909,0,0,0,1,1,0,1
910,0,1,2,0,0,1,0
911,0,0,0,0,0,0,1
912,0,0,1,0,0,0,0
913,0,2,1,1,0,0,1
914,0,0,0,1,1,0,0
915,0,0,0,1,0,2,1
916,0,0,0,0,1,1,0
917,1,0,0,1,0,0,0
918,1,2,1,3,2,0,1
919,0,0,0,0,0,1,0
920,0,0,1,1,1,1,0
921,0,0,1,0,0,0,0
922,0,0,1,0,0,1,0
923,0,0,1,2,1,1,0
924,0,0,0,0,0,0,1
925,0,0,0,0,0,1,0
926,0,0,1,1,0,0,0
927,1,1,0,0,0,1,0
928,0,0,0,0,0,1,1
929,1,0,0,3,3,2,1
930,0,1,1,2,0,1,0
931,1,0,0,0,0,1,0
932,0,0,0,0,0,2,0
933,0,1,0,0,1,0,0
934,0,0,1,0,0,1,0
935,0,0,0,4,0,0,0
936,0,0,1,0,0,1,0
937,0,1,1,0,0,0,0
938,0,0,1,0,0,1,0
939,1,2,1,2,1,0,1
940,0,1,0,2,0,0,0
941,3,0,0,2,0,0,0
942,0,0,1,0,0,1,0
943,1,0,0,2,1,0,0
944,1,1,0,1,2,0,0
945,0,0,0,0,0,0,0
946,1,1,1,0,0,1,0
947,0,0,0,0,0,1,0
948,0,0,1,0,0,1,0
949,0,0,0,0,0,1,0
950,0,0,0,0,1,1,0
951,0,0,0,2,1,1,0
952,0,0,0,0,0,2,1
953,0,0,0,0,1,0,1
954,0,0,0,0,0,1,0
955,0,0,0,0,0,2,0
956,0,0,0,0,0,0,0
957,0,1,0,0,1,0,0
958,0,0,0,0,0,0,0
959,2,0,0,1,1,2,0
960,2,1,1,4,3,1,0
961,0,0,0,0,0,1,1
962,1,0,0,0,2,0,0
963,0,2,0,2,1,0,1
964,0,0,0,0,1,0,0
965,1,0,0,1,0,0,0
966,1,0,0,0,0,1,1
967,1,1,2,0,0,0,0
968,0,0,1,0,0,1,1
969,0,0,0,0,0,1,0
970,1,0,0,0,0,1,1
971,0,0,0,0,0,2,0
972,0,0,0,0,0,1,1
973,0,0,0,0,0,1,0
974,1,1,0,0,1,0,0
975,1,0,0,1,0,0,0
976,0,2,1,1,1,0,1
977,1,0,0,1,0,1,0
978,0,0,0,0,0,0,1
979,0,1,1,1,3,0,1
980,0,0,0,0,0,1,1
981,2,1,2,0,2,0,1
982,0,1,1,1,3,0,0
983,0,0,0,2,0,0,0
984,0,1,0,0,0,1,0
985,2,0,1,2,0,1,1
986,1,1,0,1,1,2,0
987,1,0,0,2,1,1,0
988,0,2,1,1,1,0,0
989,0,0,0,3,0,1,1
990,3,1,0,1,0,0,0
991,0,0,0,0,0,1,1
992,1,3,1,3,2,0,1
993,0,0,0,0,1,0,0
994,0,0,0,1,0,1,0
995,0,0,0,0,1,3,1
996,1,1,1,0,0,0,0
997,0,1,0,0,0,0,1
998,3,0,0,0,1,2,1
999,0,0,1,0,0,1,0
1000,0,0,0,3,1,0,1
1001,3,0,1,1,3,2,0
1002,0,0,0,0,0,1,1
1003,0,2,0,0,1,1,0
1004,1,1,0,0,3,0,0
1005,3,0,1,0,1,0,0
1006,0,1,2,0,1,0,0
1007,0,0,0,0,0,0,1
1008,0,0,0,0,0,0,1
1009,0,0,0,0,2,0,0
1010,1,0,0,1,1,0,0
1011,0,2,2,3,2,0,1
1012,2,1,0,0,1,0,0
1013,0,0,0,0,1,1,0
1014,2,1,2,1,0,0,0
1015,1,0,1,1,2,0,1
1016,0,0,0,1,1,1,0
1017,0,0,0,1,0,1,0
1018,0,0,0,0,0,0,0
1019,0,0,1,0,0,1,0
1020,1,0,1,1,4,2,0
1021,0,0,0,0,1,0,1
1022,1,0,0,0,0,0,1
1023,0,0,0,1,2,0,0
1024,0,0,0,1,0,1,0
1025,1,2,1,2,1,0,1
1026,0,0,0,2,0,1,0
1027,1,0,0,1,0,0,0
1028,0,0,0,0,0,0,1
1029,0,2,1,1,1,0,1
1030,0,0,0,0,0,1,0
1031,0,0,0,0,0,0,1
1032,1,0,0,1,0,1,0
1033,3,1,1,0,1,0,0
1034,1,0,0,0,1,1,1
1035,1,1,2,2,0,1,1
1036,1,0,0,0,0,0,1
1037,2,1,4,0,0,0,0
1038,0,0,1,0,0,1,1
1039,1,0,1,3,0,3,1
1040,0,0,0,1,2,3,1
1041,0,0,0,1,1,0,1
1042,1,0,0,2,0,5,0
1043,0,0,0,3,1,0,0
1044,3,0,0,0,3,2,1
1045,0,0,1,0,0,1,0
1046,0,0,0,0,0,1,0
1047,1,1,0,1,0,1,0
1048,0,0,0,0,0,1,0
1049,0,0,0,0,0,1,1
1050,1,3,1,6,3,0,1
1051,2,0,0,0,0,0,0
1052,0,1,0,0,1,0,0
1053,0,0,0,0,0,0,1
1054,0,0,0,0,1,1,1
1055,0,1,1,1,0,0,1
1056,0,0,0,0,1,1,0
1057,1,1,0,1,2,3,0
1058,0,0,0,0,1,0,1
1059,0,0,0,0,0,0,0
1060,0,0,1,0,0,1,0
1061,2,1,0,1,0,0,0
1062,0,0,1,0,0,1,0
1063,2,0,0,1,0,2,0
1064,0,0,1,1,0,3,0
1065,0,0,0,0,0,2,0
1066,0,0,0,1,0,0,0
1067,0,0,1,1,0,0,0
1068,0,0,0,0,0,0,0
1069,0,0,0,0,1,0,0
1070,0,0,0,0,0,1,1
1071,0,0,0,0,1,0,0
1072,0,1,0,1,0,0,0
1073,1,0,0,0,0,1,0
1074,0,0,0,0,0,1,1
1075,1,0,1,1,0,0,0
1076,0,2,0,1,0,0,0
1077,0,0,3,1,0,1,0
1078,0,0,0,1,0,0,0
1079,0,0,1,0,0,1,0
1080,0,0,0,0,0,1,0
1081,0,0,0,0,0,1,0
1082,0,1,0,1,1,0,0
1083,0,0,0,2,0,0,0
1084,0,1,0,1,1,0,0
1085,0,0,0,0,0,1,0
1086,0,1,0,0,0,1,0
1087,1,1,0,1,0,1,0
1088,2,0,0,1,1,0,0
1089,0,0,2,1,0,0,0
1090,1,0,0,3,0,3,1
1091,0,0,0,1,2,1,0
1092,0,0,0,0,0,1,0
1093,0,2,1,0,1,0,1
1094,0,0,1,0,2,0,0
1095,0,0,0,0,0,1,0
1096,1,2,1,5,0,1,0
1097,1,1,1,1,0,2,1
1098,1,0,0,4,1,2,0
1099,0,0,0,0,0,0,1
1100,1,0,0,1,0,0,0
1101,0,0,0,0,0,2,0
1102,0,0,0,0,1,0,0
1103,0,0,1,0,0,1,1
1104,1,0,0,0,1,0,0
1105,0,2,0,1,1,0,1
1106,0,1,2,1,1,1,1
1107,0,0,0,0,0,0,1
1108,0,2,1,0,1,0,1
1109,0,0,0,0,1,0,0
1110,0,0,0,0,1,0,0
1111,0,1,0,1,0,0,0
1112,1,1,0,0,0,1,0
1113,0,0,0,1,0,2,1
1114,0,0,0,0,0,1,0
1115,0,0,0,0,1,0,0
1116,0,0,0,0,0,1,1
1117,0,0,0,0,0,1,1
1118,1,0,0,0,1,2,0
1119,1,0,0,1,0,0,0
1120,1,1,1,0,0,0,0
1121,0,0,1,0,1,1,0
1122,0,0,0,2,1,1,0
1123,1,0,2,1,0,0,1
1124,1,0,2,0,1,0,0
1125,0,0,0,0,0,2,1
1126,0,0,2,0,0,1,0
1127,0,1,0,0,2,0,0
1128,1,0,2,5,0,3,1
1129,0,0,1,0,0,1,1
1130,0,0,0,0,1,0,0
1131,1,0,1,2,1,1,0
1132,0,0,1,0,0,1,0
1133,0,0,0,0,0,0,1
1134,0,0,0,0,1,1,0
1135,0,1,0,0,0,0,0
1136,0,0,2,0,0,1,0
1137,0,0,0,0,1,2,1
1138,0,0,1,1,2,1,0
1139,1,1,0,1,0,0,0
1140,0,0,0,0,0,1,1
1141,1,0,0,1,0,0,1
1142,1,0,0,0,0,1,1
1143,0,0,1,1,0,0,1
1144,2,0,0,0,0,0,0
1145,0,0,0,0,0,1,0
1146,1,1,2,3,0,1,0
